City,Area,Year,Time,Treatment,Time*Treatment,GDP,GDPIncreaseRate,GDPpercapita,GDPPCRate,FAI,SecondaryIndustry,TeritaryIndustry,IS,NOE,RSCG
Shanghai,YRD,2004,0,1,0,8165.38,,45353,,3084.66,3947.01,4134.92,1.047608189,564.3,2656.91
Shanghai,YRD,2005,0,1,0,9365.54,14.7,50282,10.87,3542.55,4451.11,4824.17,1.083812802,612.4,2979.5
Shanghai,YRD,2006,0,1,0,10718.04,14.44,55615,10.61,3925.09,5056.43,5567.8,1.101132617,615.5,3375.2
Shanghai,YRD,2007,0,1,0,12668.29,18.2,62909,13.12,4458.61,5674.34,6891.94,1.214580022,657.8,3873.3
Shanghai,YRD,2008,0,1,0,14276.79,12.7,67916,7.96,4829.45,6207.97,7959.03,1.28206644,682.2,4577.23
Shanghai,YRD,2009,0,1,0,15287.56,7.08,70273,3.47,5273.33,6143.59,9028.17,1.469526775,723.5,5213.11
Shanghai,YRD,2010,0,1,0,17436.85,14.06,77275,9.96,5317.67,7376.81,9942.25,1.34777092,736,6186.58
Shanghai,YRD,2011,1,1,1,19539.07,12.06,84037,8.75,5067.09,8128.44,11280.46,1.387776744,864.6,7185.83
Shanghai,YRD,2012,1,1,1,20558.98,5.22,86969,3.49,5254.38,8063.93,12361.79,1.532973377,948.6,7840.4
Shanghai,YRD,2013,1,1,1,22264.06,8.29,92852,6.76,5647.79,8147.16,13985.61,1.716623952,1045.1,8556.96
Shanghai,YRD,2014,1,1,1,24068.2,8.1,99438,7.09,6016.43,8434.97,15501.64,1.83778247,1149.2,9303.49
Shanghai,YRD,2015,1,1,1,25659.18,6.61,106009,6.61,6352.7,8259.03,17274.62,2.091603978,1223,10131.5
Shanghai,YRD,2016,1,1,1,28183.51,9.84,116582,9.97,6755.88,8406.28,19662.89,2.339071504,1269,10946.57
Shanghai,YRD,2017,1,1,1,30632.99,8.69,126634,8.62,7246.6,9330.67,21191.54,2.271170238,1346.7,11745.96
Shanghai,YRD,2018,1,1,1,32679.87,6.68,135305.25,6.85,,,,,1413.7,
Nanjing,YRD,2004,0,1,0,2087.1,,31557,,1201.88,1014.8,997.03,0.98248916,283.94,863.85
Nanjing,YRD,2005,0,1,0,2478.26,18.74,36499,15.66,1402.72,1213.56,1162.7,0.958090247,316.69,1006.2
Nanjing,YRD,2006,0,1,0,2855.81,15.23,40541,11.07,1613.55,1733.22,1369.04,0.789882415,327.41,
Nanjing,YRD,2007,0,1,0,3381.18,18.4,43306,6.82,1867.96,1628.65,1637.25,1.005280447,367.81,1385.3
Nanjing,YRD,2008,0,1,0,3859.57,14.15,51454,18.81,2154.17,1797.66,1942.51,1.080576972,380.37,1659.6
Nanjing,YRD,2009,0,1,0,4287.25,11.08,56035,8.9,2668.03,1960.6,2197.7,1.120932368,407.7,1935.49
Nanjing,YRD,2010,0,1,0,5198.2,21.25,66132,18.02,3306.05,2363.42,2692.49,1.139234668,441.7,2288.74
Nanjing,YRD,2011,1,1,1,6230.23,19.85,77314,16.91,4010.03,2807.11,3258.82,1.160916387,446.8,2697.1
Nanjing,YRD,2012,1,1,1,7306.54,17.28,89816,16.17,4683.45,3229.67,3891.81,1.20501785,451.8,3103.82
Nanjing,YRD,2013,1,1,1,8199.49,12.22,100307,11.68,5265.55,3527.3,4476.87,1.269205908,452.4,3689.4
Nanjing,YRD,2014,1,1,1,8956.06,9.23,109194,8.86,5460.03,3696.34,5045.46,1.364988069,453,4167.19
Nanjing,YRD,2015,1,1,1,9861.56,10.11,119883,9.79,5484.47,3983.05,5646.11,1.417534302,455,4590.17
Nanjing,YRD,2016,1,1,1,10662.28,8.12,129194,7.77,5533.56,4191.29,6218.45,1.483660162,456,5088.2
Nanjing,YRD,2017,1,1,1,11715.1,9.87,141103,9.22,4312.66,4454.87,6997.22,1.570690054,457.6,5604.66
Nanjing,YRD,2018,1,1,1,12820.4,9.43,152886,8.35,4718.05,4721.61,7825.37,1.657352047,462.6,5832.46
Suzhou,YRD,2004,0,1,0,3365.94,,46619,,1554.8,2235.13,1052.21,0.47076009,358.82,776.88
Suzhou,YRD,2005,0,1,0,4173.48,23.99,56142,20.43,1870.14,2712.03,1379.37,0.50861163,393.72,934.3
Suzhou,YRD,2006,0,1,0,4948.07,18.56,63131,12.45,2106.99,3193.04,1660.23,0.519952772,429.46,1123.6
Suzhou,YRD,2007,0,1,0,5914.31,19.53,69910,10.74,2366.36,3687.52,2121.53,0.575327049,483.4,1370.6
Suzhou,YRD,2008,0,1,0,7163.4,21.12,79825,14.18,2611.16,4331.65,2710.58,0.625761546,495.53,1748.8
Suzhou,YRD,2009,0,1,0,7851.01,9.6,84894,6.35,2967.35,4642.92,3079.08,0.663177483,518.66,2026.8
Suzhou,YRD,2010,0,1,0,9366.47,19.3,94430,11.23,3617.82,5372.73,3852.94,0.717128908,687.5,2402
Suzhou,YRD,2011,1,1,1,10885.92,16.22,103739,9.86,4502.02,6103.77,4621.13,0.757094386,691,2829.58
Suzhou,YRD,2012,1,1,1,12207.81,12.14,115891,11.71,5266.49,6672.74,5358.54,0.803049422,694.3,3240.97
Suzhou,YRD,2013,1,1,1,13191.33,8.06,124872,7.75,6001.94,6955.11,6042.93,0.868847509,695.2,3662.23
Suzhou,YRD,2014,1,1,1,13994.42,6.09,132131,5.81,6230.67,7096.65,6693.79,0.94323237,693.4,4099.83
Suzhou,YRD,2015,1,1,1,14761.36,5.48,139127,5.29,6124.43,7270.33,7275.32,1.000686351,691.4,4461.62
Suzhou,YRD,2016,1,1,1,15748.58,6.69,148129,6.47,5648.49,7462.55,8094.22,1.084645329,691.3,4936.79
Suzhou,YRD,2017,1,1,1,17319.51,9.98,162388,9.63,5629.59,8235.88,8861.65,1.075980952,691.6,5442.82
Suzhou,YRD,2018,1,1,1,18597.47,7.38,173765,7.01,4555.7,8933.28,9450,1.057842136,692.3,5746.9
Zhenjiang,YRD,2004,0,1,0,716.66,,24737,,320.52,460,286,0.62173913,145.05,209.82
Zhenjiang,YRD,2005,0,1,0,888.34,23.96,30319,22.57,404.75,533,309,0.579737336,168.46,241.37
Zhenjiang,YRD,2006,0,1,0,1053.2,18.56,35357,16.62,478.54,631,373,0.591125198,153.18,280.07
Zhenjiang,YRD,2007,0,1,0,1269.58,20.55,42215,19.4,588.02,744,462,0.620967742,157,331.36
Zhenjiang,YRD,2008,0,1,0,1502.86,18.37,49698,17.73,718.5,878,542,0.617312073,165.39,410.2
Zhenjiang,YRD,2009,0,1,0,1693.34,12.67,55428,11.53,1010.57,973,623,0.64028777,173.11,478.01
Zhenjiang,YRD,2010,0,1,0,2019.22,19.24,65305,17.82,1327.08,1120,785,0.700892857,189.3,569.49
Zhenjiang,YRD,2011,1,1,1,2360.68,16.91,75556,15.7,1226.94,1272,938,0.737421384,190.26,675.15
Zhenjiang,YRD,2012,1,1,1,2693.33,14.09,85651,13.36,1500.67,1452.37,1125.19,0.774726826,191.55,781.66
Zhenjiang,YRD,2013,1,1,1,3022.72,12.23,95653,11.68,1653.15,1597.11,1314.42,0.822999042,192.1,891.1
Zhenjiang,YRD,2014,1,1,1,3306.28,9.38,104352,9.09,2142.34,1679.59,1505.24,0.896194905,192.7,1003.8
Zhenjiang,YRD,2015,1,1,1,3561.98,7.73,112225,7.54,2541.07,1778.96,1650.2,0.927620632,193.07,1113.71
Zhenjiang,YRD,2016,1,1,1,3900.08,9.49,122686,9.32,2873.43,1930.29,1832.01,0.949085371,194.34,1236.78
Zhenjiang,YRD,2017,1,1,1,4010.36,2.83,125932,2.65,2694.36,1978.01,1889.92,0.955465341,194.5,1296.7
Zhenjiang,YRD,2018,1,1,1,4050,0.99,126906,0.77,,1967,1935,0.983731571,194.82,1360.92
Changzhou,YRD,2004,0,1,0,1113.38,,32031,,588.61,672.24,386.77,0.575345115,217.42,324.05
Changzhou,YRD,2005,0,1,0,1322.4,18.77,32467,1.36,769.8,812.55,450.32,0.554205895,222.31,444.94
Changzhou,YRD,2006,0,1,0,1603.86,21.28,38256,17.83,951.56,972.15,565.64,0.581844366,225.81,517.83
Changzhou,YRD,2007,0,1,0,1936.93,20.77,44997,17.62,1203.94,1157.24,705.37,0.609527842,233.18,614.41
Changzhou,YRD,2008,0,1,0,2301.51,18.82,52549,16.78,1448.17,1350.25,866.72,0.641895945,242.71,764.06
Changzhou,YRD,2009,0,1,0,2560.88,11.27,57815,10.02,1704.77,1468.37,1000.76,0.681544842,251.56,890.75
Changzhou,YRD,2010,0,1,0,3091.85,20.73,68365,18.25,2103.55,1727.99,1264.08,0.731532011,272,1051.46
Changzhou,YRD,2011,1,1,1,3639.81,17.72,78758,15.2,2223.26,2006.34,1521.69,0.758440743,277.72,1235.58
Changzhou,YRD,2012,1,1,1,4039.83,10.99,86538,9.88,2621.56,2167.8,1745.66,0.805268014,280.99,1409.23
Changzhou,YRD,2013,1,1,1,4527.53,12.07,96547,11.57,2750.12,2347.71,2049.49,0.87297409,280,1597.01
Changzhou,YRD,2014,1,1,1,4991.37,10.24,106329,10.13,3310.05,2494.49,2358.42,0.945451776,281,1805.4
Changzhou,YRD,2015,1,1,1,5371.22,7.61,114308,7.5,3398.97,2611.01,2613.66,1.001014933,281,1990.45
Changzhou,YRD,2016,1,1,1,5875.85,9.4,124889,9.26,3805.08,2750,2973.18,1.081156364,281.4,2202.83
Changzhou,YRD,2017,1,1,1,6618.42,12.64,140435,12.45,3896.3,3098.62,3362.7,1.085225036,281.7,2444.05
Changzhou,YRD,2018,1,1,1,7050.27,6.52,149275,6.29,,3263.29,3630.73,1.112598022,282.2,2613.19
Wuxi,YRD,2004,0,1,0,2274.3,,51123,,1114.13,1399.06,830.97,0.593948794,274.67,708.62
Wuxi,YRD,2005,0,1,0,2839.54,24.85,51592,0.92,1336.04,1729.12,1058.29,0.61203965,289.2,816.4
Wuxi,YRD,2006,0,1,0,3350.18,17.98,58586,13.56,1474.94,2016.51,1273.64,0.631606092,307.9,941.7
Wuxi,YRD,2007,0,1,0,3931.99,17.37,66454,13.43,1674.22,2324.53,1537.9,0.661596108,325.23,1103.4
Wuxi,YRD,2008,0,1,0,4529.81,15.2,74877,12.67,1877.02,2639.95,1803.04,0.682982632,350.02,1340.5
Wuxi,YRD,2009,0,1,0,5027.49,10.99,81728,9.15,2387.56,2884.53,2050.15,0.710739705,364.31,1493.15
Wuxi,YRD,2010,0,1,0,5779.21,14.95,91943,12.5,2987.56,3236.03,2440.23,0.75408139,382.3,1708.91
Wuxi,YRD,2011,1,1,1,6799.88,17.66,106183,15.49,3169.18,3729.87,2950.59,0.791070466,386,1946.35
Wuxi,YRD,2012,1,1,1,7446.37,9.51,115468,8.74,3618.07,4003.15,3310.66,0.827013727,389.1,2145.82
Wuxi,YRD,2013,1,1,1,7919.85,6.36,122318,5.93,3873.52,4187.7,3601.72,0.860071161,389.2,2340
Wuxi,YRD,2014,1,1,1,8358.98,5.54,128756,5.26,4610.77,4242.56,3978.27,0.937705065,389.5,2607.9
Wuxi,YRD,2015,1,1,1,8685.91,3.91,133515,3.7,4901.19,4359.48,4188.69,0.960823309,390,2847.61
Wuxi,YRD,2016,1,1,1,9387.81,8.08,143985,7.84,4793.69,4465.9,4786.63,1.071817551,387,3119.56
Wuxi,YRD,2017,1,1,1,10511.8,11.97,160706,11.61,4966.06,4964.44,5412.18,1.090189427,388.3,3458.04
Wuxi,YRD,2018,1,1,1,11438.62,8.82,174270,8.44,,5464.01,5849.54,1.07055807,388.2,3672.7
Jiaxing,YRD,2004,0,1,0,1002.41,,30062,,635,588.19,337.42,0.573658172,255.42,325.34
Jiaxing,YRD,2005,0,1,0,1158.38,15.56,34668,15.32,703.46,681.32,392.61,0.576249046,266.77,375.59
Jiaxing,YRD,2006,0,1,0,1345.18,16.13,40162,15.85,800.32,805.76,451.25,0.560030282,274.5,432.37
Jiaxing,YRD,2007,0,1,0,1586,17.9,47177,17.47,900.04,947.07,541.86,0.572143559,288.8,505.87
Jiaxing,YRD,2008,0,1,0,1819.78,14.74,53929,14.31,1006.8,1081.21,633.06,0.585510678,298.78,607.01
Jiaxing,YRD,2009,0,1,0,1919.37,5.47,56647,5.04,1233.41,1109.77,702.09,0.632644602,308.07,694.3
Jiaxing,YRD,2010,0,1,0,2315.46,20.64,67982,20.01,1488.26,1337.15,851.3,0.636652582,317.6,799.36
Jiaxing,YRD,2011,1,1,1,2703.9,16.78,78986,16.19,1488.27,1532.89,1028.21,0.670765678,321.39,948.57
Jiaxing,YRD,2012,1,1,1,2914.4,7.79,84773,7.33,1642.31,1598.34,1164.68,0.728681007,327.13,1083.74
Jiaxing,YRD,2013,1,1,1,3163.05,8.53,91622,8.08,1910.15,1708.86,1306.23,0.764386784,327.7,1196.93
Jiaxing,YRD,2014,1,1,1,3352.6,5.99,96607,5.44,2221.21,1813.67,1394.17,0.768701032,332.29,1347.04
Jiaxing,YRD,2015,1,1,1,3517.81,4.93,100852,4.39,2513.82,1850.68,1528.04,0.82566408,328.91,1494.57
Jiaxing,YRD,2016,1,1,1,3862.11,9.79,110095,9.16,2790.16,2010.5,1714.7,0.85287242,329.73,1638.49
Jiaxing,YRD,2017,1,1,1,4380.52,13.42,123658,12.32,3009.64,2317.92,1927.05,0.831370367,331.73,1806.62
Jiaxing,YRD,2018,1,1,1,4871.98,11.22,135935,9.93,2242.96,2624.49,2132.46,0.812523576,335.5,1938.59
Hangzhou,YRD,2004,0,1,0,2515,,38858,,1108.19,1318.13,1092.72,0.828992588,481.1,855.45
Hangzhou,YRD,2005,0,1,0,2942,16.98,44853,15.43,1277.79,1494.36,1301.27,0.870787494,512.21,978.43
Hangzhou,YRD,2006,0,1,0,3441,16.96,51878,15.66,1373.45,1728.39,1560.25,0.902718715,512.21,1119.19
Hangzhou,YRD,2007,0,1,0,4100,19.15,52590,1.37,1583.78,2045.88,1894.66,0.926085596,533.09,1308.29
Hangzhou,YRD,2008,0,1,0,4781,16.61,60414,14.88,1882.29,2372.58,2236.56,0.942670005,569.16,1577.59
Hangzhou,YRD,2009,0,1,0,5087,6.4,63333,4.83,2195.17,2365.76,2555.13,1.080046159,597.47,1837.82
Hangzhou,YRD,2010,0,1,0,5949,16.95,69828,10.26,2561.88,2819.8,2937.49,1.041737003,626.33,2225
Hangzhou,YRD,2011,1,1,1,7019,17.99,80478,15.25,3100.02,3280.52,3519.99,1.072997574,637.77,2690.22
Hangzhou,YRD,2012,1,1,1,7802,11.16,88962,10.54,3722.75,3500.13,4078.37,1.165205292,644.43,3165.19
Hangzhou,YRD,2013,1,1,1,8343,6.93,94566,6.3,4263.87,3574.25,4562.73,1.276555921,650.51,3864.84
Hangzhou,YRD,2014,1,1,1,9206.16,10.35,103813,9.78,4962.7,3845.58,5086.24,1.322619735,654.92,4201.46
Hangzhou,YRD,2015,1,1,1,10050.21,9.17,112230,8.11,5556.32,3909.01,5853.25,1.497374015,663.03,4686.43
Hangzhou,YRD,2016,1,1,1,11313.72,12.57,124286,10.74,5842.42,4120.93,6888.59,1.671610535,676.95,5176.2
Hangzhou,YRD,2017,1,1,1,12603.36,11.4,135113,8.71,5856.64,4326.25,7929.8,1.832950014,681.06,5245.74
Hangzhou,YRD,2018,1,1,1,13509.15,7.19,140180,3.75,6489.16,4571.93,8631.71,1.887979475,690.1,5715.33
Yangzhou,YRD,2004,0,0,0,788,,16908,,330.05,438.09,246.05,0.561642585,198.1,265.18
Yangzhou,YRD,2005,0,0,0,982,24.62,21911,29.59,410.07,551.7,344.39,0.624234185,200.04,306.89
Yangzhou,YRD,2006,0,0,0,1125,14.56,25336,15.63,533.3,639.6,395.1,0.617729831,200.78,355.83
Yangzhou,YRD,2007,0,0,0,1357,20.62,30434,20.12,717.88,777.28,481.61,0.619609407,203,418.9
Yangzhou,YRD,2008,0,0,0,1645,21.22,36858,21.11,949.98,943.16,588.33,0.623785996,202.78,521.3
Yangzhou,YRD,2009,0,0,0,1856,12.83,41406,12.34,1063.92,1063.19,670.9,0.631025499,206.34,612.59
Yangzhou,YRD,2010,0,0,0,2229,20.1,49785,20.24,1331.85,1255.12,840.53,0.669680987,215.3,726.12
Yangzhou,YRD,2011,1,0,0,2630,17.99,58950,18.41,1476.18,1460.27,1020.06,0.69854205,221.73,853.74
Yangzhou,YRD,2012,1,0,0,2974,13.08,66615,13,1783.65,1594.05,1175.31,0.737310624,221.95,967.87
Yangzhou,YRD,2013,1,0,0,3367,13.21,75354,13.12,2025.18,1763.12,1391.35,0.789140841,265.17,1106.88
Yangzhou,YRD,2014,1,0,0,3750,11.38,83821,11.24,2416.67,1933.65,1589.13,0.821829183,271.9,1128.1
Yangzhou,YRD,2015,1,0,0,4075,8.67,90965,8.52,2856.82,2066.69,1767.37,0.855169377,265.83,1236.96
Yangzhou,YRD,2016,1,0,0,4516,10.82,100644,10.64,3288.68,2257.83,2007.18,0.888986328,278.34,1358.8
Yangzhou,YRD,2017,1,0,0,5064,12.13,112559,11.84,3690.09,2475.88,2327.02,0.939875923,274.64,1494.01
Yangzhou,YRD,2018,1,0,0,5466,7.94,120944,7.45,4096,2623.24,2569.59,0.979548192,270.58,1557.03
Nantong,YRD,2004,0,0,0,1226,,15806,,605.17,676.36,373.14,0.55168845,432.69,461.54
Nantong,YRD,2005,0,0,0,1483,20.96,20137,27.4,815.26,838.71,491.7,0.586257467,444.4,537.41
Nantong,YRD,2006,0,0,0,1788,20.57,24545,21.89,1048.89,1002.77,622.75,0.621029748,449.45,624.27
Nantong,YRD,2007,0,0,0,2163,20.97,29991,22.19,1265.79,1223.71,771.98,0.630852081,457.23,740.64
Nantong,YRD,2008,0,0,0,2593.13,19.89,36198,20.7,1505.41,1471,929.7,0.632019035,454.9,921.9
Nantong,YRD,2009,0,0,0,2872.8,10.79,40231,11.14,1802.38,1632.12,1035.58,0.634499914,460.52,1080.45
Nantong,YRD,2010,0,0,0,3465.67,20.64,48082,19.51,2168.38,1941.95,1302.39,0.670660934,474,1276.34
Nantong,YRD,2011,1,0,0,4080.22,17.73,56005,16.48,2378.36,2263.55,1588.1,0.701597049,473,1497.55
Nantong,YRD,2012,1,0,0,4630.3,13.48,63448,13.29,2886.47,2464.74,1846.47,0.749154069,468.9,1721.81
Nantong,YRD,2013,1,0,0,5235.41,13.07,71743,13.07,3298.73,2715.32,2197.78,0.809399997,467.2,1938.34
Nantong,YRD,2014,1,0,0,5748.61,9.8,78771,9.8,3896.39,2873.97,2535.01,0.882058616,462,2166.09
Nantong,YRD,2015,1,0,0,6256.1,8.83,86712,10.08,4376.03,3043.04,2858.16,0.939244966,460,2379.46
Nantong,YRD,2016,1,0,0,6885.15,10.05,94304,8.76,4811.95,3539.86,3278.63,0.926203296,458,2632.87
Nantong,YRD,2017,1,0,0,7734.64,12.34,105903,12.3,4959.2,3639.8,3712.42,1.019951646,456,2834.98
Nantong,YRD,2018,1,0,0,8427,8.95,115320,8.89,,3947.88,4081.35,1.033808018,455,3088.77
Ningbo,YRD,2004,0,0,0,2109.45,,39174,,1026.64,1167.44,821.47,0.703650723,415.1,666.78
Ningbo,YRD,2005,0,0,0,2447.32,16.02,36824,-6,1268.55,1341.87,973.2,0.725256545,429.8,762.16
Ningbo,YRD,2006,0,0,0,2874.42,17.45,42299,14.87,1413,1580.7,1154.41,0.730315683,429.8,887.96
Ningbo,YRD,2007,0,0,0,3418.57,18.93,49142,16.18,1486.54,1894.14,1373.51,0.725136474,437.8,1045.01
Ningbo,YRD,2008,0,0,0,3946.52,15.44,55616,13.17,1610.86,2190.78,1588.89,0.725262235,439.9,1253.26
Ningbo,YRD,2009,0,0,0,4334.33,9.83,60720,9.18,1860.45,2356.68,1794.12,0.761291308,443.86,1434.41
Ningbo,YRD,2010,0,0,0,5181,19.53,69368,14.24,2034.99,2856.74,2105.13,0.736899403,4765.1,1704.51
Ningbo,YRD,2011,1,0,0,6074.94,17.25,79524,14.64,2385.5,3315.76,2503.95,0.755166236,493.83,2018.86
Ningbo,YRD,2012,1,0,0,6601.21,8.66,86228,8.43,2901.42,3475.08,2857.62,0.82231776,501.58,2329.26
Ningbo,YRD,2013,1,0,0,7164.51,8.53,93176,8.06,3422.95,3680.97,3211.48,0.872454815,503.36,2635.71
Ningbo,YRD,2014,1,0,0,7610.28,6.22,98362,5.57,3989.46,3980.41,3354.17,0.842669474,511.5,2992.03
Ningbo,YRD,2015,1,0,0,8003.61,5.17,192374,95.58,4506.58,4098.22,3620.71,0.883483561,509.5,3349.63
Ningbo,YRD,2016,1,0,0,8686.49,8.53,110656,-42.48,4961.39,4455.33,3929.1,0.881887537,520,3667.63
Ningbo,YRD,2017,1,0,0,9842.06,13.3,123955,12.02,5009.58,5119.45,4416.8,0.862748928,532,4047.81
Ningbo,YRD,2018,1,0,0,10745.46,9.18,132603,6.98,5189.92,5507.53,4931.97,0.895495803,540.62,4154.93
Zhoushan,YRD,2004,0,0,0,231.27,,22640,,127.87,88.26,106.06,1.201676864,,87.52
Zhoushan,YRD,2005,0,0,0,283.67,22.66,27595,21.89,161.12,113.41,130.42,1.149986774,55.72,100.45
Zhoushan,YRD,2006,0,0,0,342.67,20.8,33124,20.04,218.99,143.54,157.25,1.095513446,55.84,114.67
Zhoushan,YRD,2007,0,0,0,421.35,22.96,40378,21.9,279.64,185.1,191.31,1.033549433,60.05,133.61
Zhoushan,YRD,2008,0,0,0,512.08,21.53,48538,20.21,339.43,236.23,226.14,0.957287389,62.23,159.78
Zhoushan,YRD,2009,0,0,0,534,4.28,50297,3.62,400.66,244.74,242.96,0.992726976,65.95,181.69
Zhoushan,YRD,2010,0,0,0,609.44,14.13,55218,9.78,413.84,256.17,291.24,1.136901276,66.65,212.54
Zhoushan,YRD,2011,1,0,0,689.45,13.13,61057,10.57,473.84,268.43,344.98,1.285176769,68.99,251.71
Zhoushan,YRD,2012,1,0,0,755.96,9.65,66400,8.75,570.6,288.39,384.51,1.333298658,72.9,290.54
Zhoushan,YRD,2013,1,0,0,821.42,8.66,71991,8.42,750.02,288.53,437.46,1.516168163,72.65,331.65
Zhoushan,YRD,2014,1,0,0,886.1,7.87,77456,7.59,960.88,311.58,473.62,1.520059054,74.32,376.58
Zhoushan,YRD,2015,1,0,0,942.61,6.38,82037,5.91,1134.76,321.43,510.17,1.587188501,74.5,415.52
Zhoushan,YRD,2016,1,0,0,1076.19,14.17,93177,13.58,1311.14,359.44,590.05,1.641581349,74.7,457.4
Zhoushan,YRD,2017,1,0,0,1219.78,13.34,104882,12.56,1450.31,402.85,676.44,1.679136155,75,505.68
Zhoushan,YRD,2018,1,0,0,1316.7,7.95,112300,7.07,,428.4,745.7,1.740662932,,536.9
Huzhou,YRD,2004,0,0,0,550,,20113,,327,323,202,0.625386997,166,208
Huzhou,YRD,2005,0,0,0,639,16.18,23197,15.33,362,353,228,0.645892351,168,238
Huzhou,YRD,2006,0,0,0,753,17.84,27109,16.86,407,435,260,0.597701149,170,275
Huzhou,YRD,2007,0,0,0,883,17.26,31536,16.33,458,510,311,0.609803922,172,322
Huzhou,YRD,2008,0,0,0,1022,15.74,36266,15,528,593,358,0.603709949,175,386
Huzhou,YRD,2009,0,0,0,1101,7.73,38783,6.94,636,605,405,0.669421488,177,442
Huzhou,YRD,2010,0,0,0,1301,18.17,45321,16.86,719,715,482,0.674125874,179,516
Huzhou,YRD,2011,1,0,0,1520,16.83,52476,15.79,804,917,586,0.639040349,180,609
Huzhou,YRD,2012,1,0,0,1664,9.47,57355,9.3,970,886,655,0.739277652,180,703
Huzhou,YRD,2013,1,0,0,1812,8.89,62290,8.6,1070,953,724,0.759706191,180,766
Huzhou,YRD,2014,1,0,0,1955,7.89,66917,7.43,1242,1001,833,0.832167832,182,871
Huzhou,YRD,2015,1,0,0,2084,6.6,70893,5.94,1402,1026,935,0.911306043,184,963
Huzhou,YRD,2016,1,0,0,2284,9.6,77110,8.77,1592,1099,1057,0.961783439,187,1068
Huzhou,YRD,2017,1,0,0,2476,8.41,82952,7.58,1730,1171,1175,1.003415884,188,1188
Huzhou,YRD,2018,1,0,0,2719,9.81,90304,8.86,1837,1273,1317,1.034564022,191,1297
Shaoxing,YRD,2004,0,0,0,1244,,27477,,6291,743,415,0.558546433,285,334
Shaoxing,YRD,2005,0,0,0,1449,16.48,31666,15.25,6761,869,486,0.559263521,284,382
Shaoxing,YRD,2006,0,0,0,1682,16.08,36329,14.73,7657,1008,576,0.571428571,293,443
Shaoxing,YRD,2007,0,0,0,1978,17.6,42226,16.23,8433,1184,688,0.581081081,300,520
Shaoxing,YRD,2008,0,0,0,2230,12.74,47105,11.55,9157,1310,803,0.612977099,315,626
Shaoxing,YRD,2009,0,0,0,2377,6.59,49779,5.68,1055,1361,891,0.654665687,328,717
Shaoxing,YRD,2010,0,0,0,2800,17.8,57687,15.89,1245,1570,1080,0.687898089,341,852
Shaoxing,YRD,2011,1,0,0,3336,19.14,67759,17.46,1426,1834,1329,0.724645583,343,1006
Shaoxing,YRD,2012,1,0,0,3660,9.71,74120,9.39,1722,1963,1512,0.770249618,343,1158
Shaoxing,YRD,2013,1,0,0,3987,8.93,80613,8.76,2001,2097,1698,0.809728183,344,1318
Shaoxing,YRD,2014,1,0,0,4265,6.97,86136,6.85,2304,2213,1858,0.839584275,345,1487
Shaoxing,YRD,2015,1,0,0,4465,4.69,90003,4.49,2582,2252,2014,0.894316163,346,1621
Shaoxing,YRD,2016,1,0,0,4789,7.26,96204,6.89,2882,2398,2183,0.910341952,348,1783
Shaoxing,YRD,2017,1,0,0,5078,6.03,101588,5.6,3115,2472,2398,0.970064725,348,1809
Shaoxing,YRD,2018,1,0,0,5416,6.66,107853,6.17,3174,2611,2608,0.998851015,346,2007
Xuzhou,YRD,2004,0,0,0,1095,,12005,,390,518,359,0.693050193,395,342
Xuzhou,YRD,2005,0,0,0,1226,11.96,13861,15.46,546,628,433,0.689490446,452,396
Xuzhou,YRD,2006,0,0,0,1464,19.41,16665,20.23,680,766,520,0.678851175,469,460
Xuzhou,YRD,2007,0,0,0,1747,19.33,20003,20.03,872,921,633,0.687296417,477,543
Xuzhou,YRD,2008,0,0,0,2118,21.24,24349,21.73,1161,1118,785,0.702146691,486,680
Xuzhou,YRD,2009,0,0,0,2390,12.84,27514,13,1568,1267,894,0.705603788,501,805
Xuzhou,YRD,2010,0,0,0,2942,23.1,34084,23.88,1938,1515,1173,0.774257426,485,956
Xuzhou,YRD,2011,1,0,0,3551,20.7,41407,21.49,2201,1808,1446,0.799778761,483,1141
Xuzhou,YRD,2012,1,0,0,4060,14.33,47388,14.44,2685,2008,1669,0.831175299,478,1312
Xuzhou,YRD,2013,1,0,0,4568,12.51,53263,12.4,3090,2184,1965,0.899725275,478,1495
Xuzhou,YRD,2014,1,0,0,5020,9.89,58308,9.47,3671,2301,2245,0.975662755,480,2099
Xuzhou,YRD,2015,1,0,0,5383,7.23,62246,6.75,4266,2415,2463,1.019875776,482,2358
Xuzhou,YRD,2016,1,0,0,5882,9.27,67701,8.76,4797,2565,2774,1.081481481,483,2659
Xuzhou,YRD,2017,1,0,0,6605,12.29,75611,11.68,5277,2884,3121,1.082177531,482,2977
Xuzhou,YRD,2018,1,0,0,6755,2.27,76915,1.72,,2812,3311,1.17745377,483,3102
Lianyungang,YRD,2004,0,0,0,416,,8891,,246,164,139,0.847560976,214,157
Lianyungang,YRD,2005,0,0,0,495,18.99,10873,22.29,323,211,184,0.872037915,227,182
Lianyungang,YRD,2006,0,0,0,594,20,13149,20.93,423,268,216,0.805970149,241,211
Lianyungang,YRD,2007,0,0,0,700,17.85,15610,18.72,584,322,255,0.791925466,272,249
Lianyungang,YRD,2008,0,0,0,825,17.86,18505,18.55,777,383,305,0.796344648,276,310
Lianyungang,YRD,2009,0,0,0,941,14.06,21144,14.26,1178,442,351,0.794117647,290,362
Lianyungang,YRD,2010,0,0,0,1193,26.78,26986,27.63,994,552,466,0.844202899,302,430
Lianyungang,YRD,2011,1,0,0,1410,18.19,32118,19.02,1240,665,552,0.830075188,308,500
Lianyungang,YRD,2012,1,0,0,1618,14.75,36819,14.64,1353,750,635,0.846666667,249,575
Lianyungang,YRD,2013,1,0,0,1829,13.04,41403,12.45,1664,834,749,0.898081535,250,655
Lianyungang,YRD,2014,1,0,0,1987,8.64,44757,8.1,2090,909,815,0.896589659,251,739
Lianyungang,YRD,2015,1,0,0,2185,9.96,48977,9.43,2522,982,920,0.936863544,250,830
Lianyungang,YRD,2016,1,0,0,2405,10.07,53626,9.49,2852,1074,1029,0.958100559,250,933
Lianyungang,YRD,2017,1,0,0,2640,9.77,58577,9.23,1767,1179,1147,0.972858355,250,1038
Lianyungang,YRD,2018,1,0,0,2771,4.96,61332,4.7,1878,1207,1238,1.025683513,250,1121
Suqian,YRD,2004,0,0,0,335,,6426,,,141,97,0.687943262,267,87
Suqian,YRD,2005,0,0,0,392,17.01,7901,22.95,149,166,124,0.746987952,267,109
Suqian,YRD,2006,0,0,0,480,22.45,9766,23.6,249,211,156,0.739336493,288,127
Suqian,YRD,2007,0,0,0,585,21.88,12077,23.66,350,263,193,0.733840304,302,158
Suqian,YRD,2008,0,0,0,721,23.25,15090,24.95,451,329,243,0.738601824,309,196
Suqian,YRD,2009,0,0,0,826,14.56,17459,15.7,552,382,284,0.743455497,318,243
Suqian,YRD,2010,0,0,0,1064,28.81,22525,29.02,652,479,397,0.828810021,277,289
Suqian,YRD,2011,1,0,0,1320,24.06,27838,23.59,788,614,496,0.80781759,278,336
Suqian,YRD,2012,1,0,0,1532,16.06,32047,15.12,1025,716,578,0.80726257,276,388
Suqian,YRD,2013,1,0,0,1763,15.08,36674,14.44,1290,841,678,0.806183115,276,442
Suqian,YRD,2014,1,0,0,1948,10.49,40322,9.95,1559,933,751,0.804930332,279,564
Suqian,YRD,2015,1,0,0,2146,10.16,44275,9.8,1838,1031,836,0.81086324,281,626
Suqian,YRD,2016,1,0,0,2374,10.62,48797,10.21,2059,1161,938,0.807924203,283,705
Suqian,YRD,2017,1,0,0,2610,9.94,53317,9.26,2194,1253,1065,0.849960096,285,781
Suqian,YRD,2018,1,0,0,2750,5.36,55906,4.86,,1279,1170,0.91477717,282,833
Quzhou,YRD,2004,0,0,0,283,,11570,,200,125,110,0.88,125,117
Quzhou,YRD,2005,0,0,0,329,16.25,13401,15.83,233,150,128,0.853333333,127,134
Quzhou,YRD,2006,0,0,0,387,17.63,15740,17.45,273,187,148,0.79144385,127,153
Quzhou,YRD,2007,0,0,0,478,23.51,21598,37.22,316,248,178,0.717741935,129,179
Quzhou,YRD,2008,0,0,0,580,21.34,23362,8.17,361,312,219,0.701923077,131,215
Quzhou,YRD,2009,0,0,0,626,7.93,25127,7.56,415,330,236,0.715151515,133,250
Quzhou,YRD,2010,0,0,0,755,20.61,30153,20,481,411,284,0.690997567,128,290
Quzhou,YRD,2011,1,0,0,919,21.72,36508,21.08,504,509,341,0.669941061,131,344
Quzhou,YRD,2012,1,0,0,972,5.77,38476,5.39,566,513,381,0.742690058,133,396
Quzhou,YRD,2013,1,0,0,1056,8.64,41676,8.32,670,543,435,0.801104972,133,443
Quzhou,YRD,2014,1,0,0,1115,5.59,43740,4.95,782,558,473,0.847670251,134,503
Quzhou,YRD,2015,1,0,0,1146,2.78,53847,23.11,882,534,526,0.985018727,130,550
Quzhou,YRD,2016,1,0,0,1251,9.16,58281,8.23,981,564,598,1.060283688,132,609
Quzhou,YRD,2017,1,0,0,1331,6.39,61250,5.09,1047,587,656,1.117546848,133,677
Quzhou,YRD,2018,1,0,0,1470,10.44,66936,9.28,,661,727,1.099848714,134,717
Hefei,YRD,2004,0,0,0,589,,13378,,359,317.8,370.36,1.165387036,262.4,281
Hefei,YRD,2005,0,0,0,1056,79.29,18960,41.73,495,424.59,448.52,1.056360253,256.3,324
Hefei,YRD,2006,0,0,0,1073,1.61,23203,22.38,847,532.36,527.22,0.990344879,270.5,384
Hefei,YRD,2007,0,0,0,1334,24.32,28134,21.25,1310,684.98,639.29,0.933297323,286.5,469
Hefei,YRD,2008,0,0,0,1664,24.74,34482,22.56,1840,887.78,783.96,0.883056613,301.4,588
Hefei,YRD,2009,0,0,0,2102,26.32,41543,20.48,2468,1104.99,888.45,0.804034426,307,703
Hefei,YRD,2010,0,0,0,2961,40.87,54796,31.9,3066,1456.64,1112.23,0.763558601,344.5,839
Hefei,YRD,2011,1,0,0,3636,22.8,48540,-11.42,3386,2002.1,1426.29,0.712397403,476.2,1111
Hefei,YRD,2012,1,0,0,4164,14.52,55182,13.68,4001,2303.9,1631.37,0.708090629,484.9,1293
Hefei,YRD,2013,1,0,0,4672,12.2,61555,11.55,4707,2576.02,1865.63,0.724229626,504.4,1480
Hefei,YRD,2014,1,0,0,5180,10.87,67689,9.97,5385,2862.03,2066.18,0.721928142,513.9,1666
Hefei,YRD,2015,1,0,0,5660,9.27,73102,8,6153,2977.28,2419.57,0.812677406,523.8,2183
Hefei,YRD,2016,1,0,0,6274,10.85,80138,9.62,6050,3181.24,2822.97,0.887382786,530.3,2445
Hefei,YRD,2017,1,0,0,7003,11.62,88456,10.38,6351,3432.67,3297.63,0.960660361,538.1,2728
